plate_number,plate_image,evidence_image,timestamp
UK07BSL5L2,plates/UK07BSL5L2.png,evidence/UK07BSL5L2.png,2026-08-06_17-21-36
UKO7BSL5LZ,plates/UKO7BSL5LZ.png,evidence/UKO7BSL5LZ.png,2026-08-06_17-21-38
UK07BSL5Lz,plates/UK07BSL5Lz.png,evidence/UK07BSL5Lz.png,2026-08-06_17-21-38
UK0785L5L2,plates/UK0785L5L2.png,evidence/UK0785L5L2.png,2026-08-06_17-21-39
UK07BSL542,plates/UK07BSL542.png,evidence/UK07BSL542.png,2026-08-06_17-21-39
UK07BSLSLZ,plates/UK07BSLSLZ.png,evidence/UK07BSLSLZ.png,2026-08-06_17-21-39
UKO7BSL5L2,plates/UKO7BSL5L2.png,evidence/UKO7BSL5L2.png,2026-08-06_17-21-39
UK07BSL5LZ,plates/UK07BSL5LZ.png,evidence/UK07BSL5LZ.png,2026-08-06_17-21-40
UKOTBSL5L,plates/UKOTBSL5L.png,evidence/UKOTBSL5L.png,2026-08-06_17-21-40
UKO7BSL5L,plates/UKO7BSL5L.png,evidence/UKO7BSL5L.png,2026-08-06_17-21-40
UKOZBSLSL2,plates/UKOZBSLSL2.png,evidence/UKOZBSLSL2.png,2026-08-06_17-21-40
UK07BSLSL2,plates/UK07BSLSL2.png,evidence/UK07BSLSL2.png,2026-08-06_17-21-41
UKO7BSLSL2,plates/UKO7BSLSL2.png,evidence/UKO7BSLSL2.png,2026-08-06_17-21-41
UK07B5L542,plates/UK07B5L542.png,evidence/UK07B5L542.png,2026-08-06_17-21-41
UK0785L542,plates/UK0785L542.png,evidence/UK0785L542.png,2026-08-06_17-21-41
UKOTBSL5L2,plates/UKOTBSL5L2.png,evidence/UKOTBSL5L2.png,2026-08-06_17-21-42
UK07B5L5LZ,plates/UK07B5L5LZ.png,evidence/UK07B5L5LZ.png,2026-08-06_17-21-42
UK07B5L5L2,plates/UK07B5L5L2.png,evidence/UK07B5L5L2.png,2026-08-06_17-21-43
UKO7BSL542,plates/UKO7BSL542.png,evidence/UKO7BSL542.png,2026-08-06_17-21-43
UKO7B5L542,plates/UKO7B5L542.png,evidence/UKO7B5L542.png,2026-08-06_17-21-44
UNKNOWN_1,plates/UNKNOWN_1.png,evidence/UNKNOWN_1.png,2026-08-06_17-21-44
UK07854542,plates/UK07854542.png,evidence/UK07854542.png,2026-08-06_17-21-45
UNKNOWN_2,plates/UNKNOWN_2.png,evidence/UNKNOWN_2.png,2026-08-06_17-21-45
UNKNOWN_3,plates/UNKNOWN_3.png,evidence/UNKNOWN_3.png,2026-08-06_17-21-45
UNKNOWN_4,plates/UNKNOWN_4.png,evidence/UNKNOWN_4.png,2026-08-06_17-21-45
UNKNOWN_5,plates/UNKNOWN_5.png,evidence/UNKNOWN_5.png,2026-08-06_17-21-46
UNKNOWN_6,plates/UNKNOWN_6.png,evidence/UNKNOWN_6.png,2026-08-06_17-21-46
UK07BSL3L2,plates/UK07BSL3L2.png,evidence/UK07BSL3L2.png,2026-08-06_17-21-46
UK07BS2542,plates/UK07BS2542.png,evidence/UK07BS2542.png,2026-08-06_17-21-46
UNKNOWN_7,plates/UNKNOWN_7.png,evidence/UNKNOWN_7.png,2026-08-06_17-21-46
UNKNOWN_8,plates/UNKNOWN_8.png,evidence/UNKNOWN_8.png,2026-08-06_17-21-46
IK078S2542,plates/IK078S2542.png,evidence/IK078S2542.png,2026-08-06_17-21-46
078545L2,plates/078545L2.png,evidence/078545L2.png,2026-08-06_17-21-46
UNKNOWN_9,plates/UNKNOWN_9.png,evidence/UNKNOWN_9.png,2026-08-06_17-21-46
8S25L2,plates/8S25L2.png,evidence/8S25L2.png,2026-08-06_17-21-47
L5L2,plates/L5L2.png,evidence/L5L2.png,2026-08-06_17-21-47
UNKNOWN_10,plates/UNKNOWN_10.png,evidence/UNKNOWN_10.png,2026-08-06_17-21-47
UNKNOWN_11,plates/UNKNOWN_11.png,evidence/UNKNOWN_11.png,2026-08-06_17-21-47
UNKNOWN_12,plates/UNKNOWN_12.png,evidence/UNKNOWN_12.png,2026-08-06_17-21-47
UNKNOWN_13,plates/UNKNOWN_13.png,evidence/UNKNOWN_13.png,2026-08-06_17-21-47
UNKNOWN_14,plates/UNKNOWN_14.png,evidence/UNKNOWN_14.png,2026-08-06_17-21-48
UNKNOWN_15,plates/UNKNOWN_15.png,evidence/UNKNOWN_15.png,2026-08-06_17-21-48
UNKNOWN_16,plates/UNKNOWN_16.png,evidence/UNKNOWN_16.png,2026-08-06_17-21-48
UNKNOWN_17,plates/UNKNOWN_17.png,evidence/UNKNOWN_17.png,2026-08-06_17-21-48
UNKNOWN_18,plates/UNKNOWN_18.png,evidence/UNKNOWN_18.png,2026-08-06_17-21-48
UNKNOWN_19,plates/UNKNOWN_19.png,evidence/UNKNOWN_19.png,2026-08-06_17-21-48
UNKNOWN_20,plates/UNKNOWN_20.png,evidence/UNKNOWN_20.png,2026-08-06_17-21-49
UNKNOWN_21,plates/UNKNOWN_21.png,evidence/UNKNOWN_21.png,2026-08-06_17-21-49
UNKNOWN_22,plates/UNKNOWN_22.png,evidence/UNKNOWN_22.png,2026-08-06_17-21-49
UNKNOWN_23,plates/UNKNOWN_23.png,evidence/UNKNOWN_23.png,2026-08-06_17-21-49
DLulMIlu,plates/DLulMIlu.png,evidence/DLulMIlu.png,2026-08-06_17-21-51
DLuLMillui,plates/DLuLMillui.png,evidence/DLuLMillui.png,2026-08-06_17-21-51
DLUCWLluI,plates/DLUCWLluI.png,evidence/DLUCWLluI.png,2026-08-06_17-21-52
DLOLMILquL,plates/DLOLMILquL.png,evidence/DLOLMILquL.png,2026-08-06_17-21-53
DLilVLquI,plates/DLilVLquI.png,evidence/DLilVLquI.png,2026-08-06_17-21-54
DLECMiugoi,plates/DLECMiugoi.png,evidence/DLECMiugoi.png,2026-08-06_17-21-54
DLOCWlecul,plates/DLOCWlecul.png,evidence/DLOCWlecul.png,2026-08-06_17-21-54
DLGCGgui,plates/DLGCGgui.png,evidence/DLGCGgui.png,2026-08-06_17-21-54
DLOGKIGguL,plates/DLOGKIGguL.png,evidence/DLOGKIGguL.png,2026-08-06_17-21-54
DLOCWIGguL,plates/DLOCWIGguL.png,evidence/DLOCWIGguL.png,2026-08-06_17-21-55
DLECMULOI,plates/DLECMULOI.png,evidence/DLECMULOI.png,2026-08-06_17-21-55
DLOLMELcul,plates/DLOLMELcul.png,evidence/DLOLMELcul.png,2026-08-06_17-21-55
DLOCKIG001,plates/DLOCKIG001.png,evidence/DLOCKIG001.png,2026-08-06_17-21-55
DLOCKG6uL,plates/DLOCKG6uL.png,evidence/DLOCKG6uL.png,2026-08-06_17-21-55
DLOCWGo0L,plates/DLOCWGo0L.png,evidence/DLOCWGo0L.png,2026-08-06_17-21-56
DLECMLG601,plates/DLECMLG601.png,evidence/DLECMLG601.png,2026-08-06_17-21-56
DLOCGo0l,plates/DLOCGo0l.png,evidence/DLOCGo0l.png,2026-08-06_17-21-56
DLOCGo0ls,plates/DLOCGo0ls.png,evidence/DLOCGo0ls.png,2026-08-06_17-21-57
DLECG001,plates/DLECG001.png,evidence/DLECG001.png,2026-08-06_17-21-57
DLBGMIG01,plates/DLBGMIG01.png,evidence/DLBGMIG01.png,2026-08-06_17-21-57
DLECM660,plates/DLECM660.png,evidence/DLECM660.png,2026-08-06_17-21-58
W6go1,plates/W6go1.png,evidence/W6go1.png,2026-08-06_17-22-02
BEW6601,plates/BEW6601.png,evidence/BEW6601.png,2026-08-06_17-22-02
DLBCW6601,plates/DLBCW6601.png,evidence/DLBCW6601.png,2026-08-06_17-22-03
DLICW6601,plates/DLICW6601.png,evidence/DLICW6601.png,2026-08-06_17-22-03
DL9CW6601,plates/DL9CW6601.png,evidence/DL9CW6601.png,2026-08-06_17-22-03
DLGCW6601,plates/DLGCW6601.png,evidence/DLGCW6601.png,2026-08-06_17-22-03
UNKNOWN_24,plates/UNKNOWN_24.png,evidence/UNKNOWN_24.png,2026-08-06_17-22-03
DLGCW66015,plates/DLGCW66015.png,evidence/DLGCW66015.png,2026-08-06_17-22-04
UNKNOWN_25,plates/UNKNOWN_25.png,evidence/UNKNOWN_25.png,2026-08-06_17-22-04
UNKNOWN_26,plates/UNKNOWN_26.png,evidence/UNKNOWN_26.png,2026-08-06_17-22-05
DL9GW6601,plates/DL9GW6601.png,evidence/DL9GW6601.png,2026-08-06_17-22-06
UNKNOWN_27,plates/UNKNOWN_27.png,evidence/UNKNOWN_27.png,2026-08-06_17-22-08
UNKNOWN_28,plates/UNKNOWN_28.png,evidence/UNKNOWN_28.png,2026-08-06_17-22-09
UNKNOWN_29,plates/UNKNOWN_29.png,evidence/UNKNOWN_29.png,2026-08-06_17-22-09
UNKNOWN_30,plates/UNKNOWN_30.png,evidence/UNKNOWN_30.png,2026-08-06_17-22-10
L9CW6601,plates/L9CW6601.png,evidence/L9CW6601.png,2026-08-06_17-22-10
UNKNOWN_31,plates/UNKNOWN_31.png,evidence/UNKNOWN_31.png,2026-08-06_17-22-10
JCW6601,plates/JCW6601.png,evidence/JCW6601.png,2026-08-06_17-22-10
UNKNOWN_32,plates/UNKNOWN_32.png,evidence/UNKNOWN_32.png,2026-08-06_17-22-10
W6601,plates/W6601.png,evidence/W6601.png,2026-08-06_17-22-11
6601,plates/6601.png,evidence/6601.png,2026-08-06_17-22-11
UNKNOWN_33,plates/UNKNOWN_33.png,evidence/UNKNOWN_33.png,2026-08-06_17-22-11
UNKNOWN_34,plates/UNKNOWN_34.png,evidence/UNKNOWN_34.png,2026-08-06_17-22-12
UNKNOWN_35,plates/UNKNOWN_35.png,evidence/UNKNOWN_35.png,2026-08-06_17-22-12
UNKNOWN_36,plates/UNKNOWN_36.png,evidence/UNKNOWN_36.png,2026-08-06_17-22-12
UNKNOWN_37,plates/UNKNOWN_37.png,evidence/UNKNOWN_37.png,2026-08-06_17-22-12
UNKNOWN_38,plates/UNKNOWN_38.png,evidence/UNKNOWN_38.png,2026-08-06_17-22-12
UNKNOWN_39,plates/UNKNOWN_39.png,evidence/UNKNOWN_39.png,2026-08-06_17-22-14
UNKNOWN_40,plates/UNKNOWN_40.png,evidence/UNKNOWN_40.png,2026-08-06_17-22-15
UNKNOWN_41,plates/UNKNOWN_41.png,evidence/UNKNOWN_41.png,2026-08-06_17-22-15
UNKNOWN_42,plates/UNKNOWN_42.png,evidence/UNKNOWN_42.png,2026-08-06_17-22-16
UNKNOWN_43,plates/UNKNOWN_43.png,evidence/UNKNOWN_43.png,2026-08-06_17-22-16
UNKNOWN_44,plates/UNKNOWN_44.png,evidence/UNKNOWN_44.png,2026-08-06_17-22-16
UNKNOWN_45,plates/UNKNOWN_45.png,evidence/UNKNOWN_45.png,2026-08-06_17-22-20
UNKNOWN_46,plates/UNKNOWN_46.png,evidence/UNKNOWN_46.png,2026-08-06_17-22-21
UNKNOWN_47,plates/UNKNOWN_47.png,evidence/UNKNOWN_47.png,2026-08-06_17-22-21
UNKNOWN_48,plates/UNKNOWN_48.png,evidence/UNKNOWN_48.png,2026-08-06_17-22-22
UNKNOWN_49,plates/UNKNOWN_49.png,evidence/UNKNOWN_49.png,2026-08-06_17-22-22
UNKNOWN_50,plates/UNKNOWN_50.png,evidence/UNKNOWN_50.png,2026-08-06_17-22-22
UNKNOWN_51,plates/UNKNOWN_51.png,evidence/UNKNOWN_51.png,2026-08-06_17-22-23
UNKNOWN_52,plates/UNKNOWN_52.png,evidence/UNKNOWN_52.png,2026-08-06_17-22-23
UNKNOWN_53,plates/UNKNOWN_53.png,evidence/UNKNOWN_53.png,2026-08-06_17-22-23
UNKNOWN_54,plates/UNKNOWN_54.png,evidence/UNKNOWN_54.png,2026-08-06_17-22-24
UNKNOWN_55,plates/UNKNOWN_55.png,evidence/UNKNOWN_55.png,2026-08-06_17-22-24
UNKNOWN_56,plates/UNKNOWN_56.png,evidence/UNKNOWN_56.png,2026-08-06_17-22-24
UNKNOWN_57,plates/UNKNOWN_57.png,evidence/UNKNOWN_57.png,2026-08-06_17-22-25
UNKNOWN_58,plates/UNKNOWN_58.png,evidence/UNKNOWN_58.png,2026-08-06_17-22-25
UNKNOWN_59,plates/UNKNOWN_59.png,evidence/UNKNOWN_59.png,2026-08-06_17-22-25
UNKNOWN_60,plates/UNKNOWN_60.png,evidence/UNKNOWN_60.png,2026-08-06_17-22-25
UNKNOWN_61,plates/UNKNOWN_61.png,evidence/UNKNOWN_61.png,2026-08-06_17-22-26
UNKNOWN_62,plates/UNKNOWN_62.png,evidence/UNKNOWN_62.png,2026-08-06_17-22-26
Kdaa,plates/Kdaa.png,evidence/Kdaa.png,2026-08-06_17-22-26
RESV47q,plates/RESV47q.png,evidence/RESV47q.png,2026-08-06_17-22-26
HresN47e9,plates/HresN47e9.png,evidence/HresN47e9.png,2026-08-06_17-22-26
LaEided,plates/LaEided.png,evidence/LaEided.png,2026-08-06_17-22-26
HREv4799,plates/HREv4799.png,evidence/HREv4799.png,2026-08-06_17-22-27
HRSIV49,plates/HRSIV49.png,evidence/HRSIV49.png,2026-08-06_17-22-27
MREIv4rg,plates/MREIv4rg.png,evidence/MREIv4rg.png,2026-08-06_17-22-27
MEsv479,plates/MEsv479.png,evidence/MEsv479.png,2026-08-06_17-22-27
Ev4g,plates/Ev4g.png,evidence/Ev4g.png,2026-08-06_17-22-27
UNKNOWN_63,plates/UNKNOWN_63.png,evidence/UNKNOWN_63.png,2026-08-06_17-22-27
UNKNOWN_64,plates/UNKNOWN_64.png,evidence/UNKNOWN_64.png,2026-08-06_17-22-28
UNKNOWN_65,plates/UNKNOWN_65.png,evidence/UNKNOWN_65.png,2026-08-06_17-22-37
UNKNOWN_66,plates/UNKNOWN_66.png,evidence/UNKNOWN_66.png,2026-08-06_17-22-38
UNKNOWN_67,plates/UNKNOWN_67.png,evidence/UNKNOWN_67.png,2026-08-06_17-22-38
UNKNOWN_68,plates/UNKNOWN_68.png,evidence/UNKNOWN_68.png,2026-08-06_17-22-39
UNKNOWN_69,plates/UNKNOWN_69.png,evidence/UNKNOWN_69.png,2026-08-06_17-22-40
UNKNOWN_70,plates/UNKNOWN_70.png,evidence/UNKNOWN_70.png,2026-08-06_17-22-42
UNKNOWN_71,plates/UNKNOWN_71.png,evidence/UNKNOWN_71.png,2026-08-06_17-22-42
UNKNOWN_72,plates/UNKNOWN_72.png,evidence/UNKNOWN_72.png,2026-08-06_17-22-42
UNKNOWN_73,plates/UNKNOWN_73.png,evidence/UNKNOWN_73.png,2026-08-06_17-22-42
UNKNOWN_74,plates/UNKNOWN_74.png,evidence/UNKNOWN_74.png,2026-08-06_17-22-42
UNKNOWN_75,plates/UNKNOWN_75.png,evidence/UNKNOWN_75.png,2026-08-06_17-22-43
UNKNOWN_76,plates/UNKNOWN_76.png,evidence/UNKNOWN_76.png,2026-08-06_17-22-43
UNKNOWN_77,plates/UNKNOWN_77.png,evidence/UNKNOWN_77.png,2026-08-06_17-22-43
UNKNOWN_78,plates/UNKNOWN_78.png,evidence/UNKNOWN_78.png,2026-08-06_17-22-43
UNKNOWN_79,plates/UNKNOWN_79.png,evidence/UNKNOWN_79.png,2026-08-06_17-22-43
UNKNOWN_80,plates/UNKNOWN_80.png,evidence/UNKNOWN_80.png,2026-08-06_17-22-43
UNKNOWN_81,plates/UNKNOWN_81.png,evidence/UNKNOWN_81.png,2026-08-06_17-22-44
UNKNOWN_82,plates/UNKNOWN_82.png,evidence/UNKNOWN_82.png,2026-08-06_17-22-44
UNKNOWN_83,plates/UNKNOWN_83.png,evidence/UNKNOWN_83.png,2026-08-06_17-22-44
UNKNOWN_84,plates/UNKNOWN_84.png,evidence/UNKNOWN_84.png,2026-08-06_17-22-44
UNKNOWN_85,plates/UNKNOWN_85.png,evidence/UNKNOWN_85.png,2026-08-06_17-22-44
UNKNOWN_86,plates/UNKNOWN_86.png,evidence/UNKNOWN_86.png,2026-08-06_17-22-45
UNKNOWN_87,plates/UNKNOWN_87.png,evidence/UNKNOWN_87.png,2026-08-06_17-22-45
36J6,plates/36J6.png,evidence/36J6.png,2026-08-06_17-22-45
UNKNOWN_88,plates/UNKNOWN_88.png,evidence/UNKNOWN_88.png,2026-08-06_17-22-45
UNKNOWN_89,plates/UNKNOWN_89.png,evidence/UNKNOWN_89.png,2026-08-06_17-22-45
CLZSAD2330,plates/CLZSAD2330.png,evidence/CLZSAD2330.png,2026-08-06_17-22-46
DLZSAD2330,plates/DLZSAD2330.png,evidence/DLZSAD2330.png,2026-08-06_17-22-46
LLZSAD2330,plates/LLZSAD2330.png,evidence/LLZSAD2330.png,2026-08-06_17-22-47
CLZS2330,plates/CLZS2330.png,evidence/CLZS2330.png,2026-08-06_17-22-47
75350,plates/75350.png,evidence/75350.png,2026-08-06_17-22-48
